Words,Percent Appearance
jews,3.33889816360601
jesus,2.003338898163606
torah,1.669449081803005
messiah,1.335559265442404
jew,1.001669449081803
like,1.001669449081803
knew,0.8347245409015025
time,0.8347245409015025
god,0.8347245409015025
would,0.667779632721202
christ,0.667779632721202
one,0.667779632721202
jewish,0.667779632721202
also,0.667779632721202
among,0.667779632721202
israel,0.667779632721202
muslims,0.667779632721202
believe,0.5008347245409015
even,0.5008347245409015
allah,0.5008347245409015
kingdom,0.5008347245409015
world,0.5008347245409015
didnt,0.5008347245409015
pray,0.5008347245409015
judah,0.5008347245409015
lord,0.5008347245409015
going,0.5008347245409015
men,0.5008347245409015
u,0.333889816360601
books,0.333889816360601
find,0.333889816360601
false,0.333889816360601
want,0.333889816360601
new,0.333889816360601
simchat,0.333889816360601
family,0.333889816360601
never,0.333889816360601
king,0.333889816360601
tried,0.333889816360601
history,0.333889816360601
put,0.333889816360601
bs,0.333889816360601
story,0.333889816360601
texts,0.333889816360601
qoute,0.333889816360601
rabbis,0.333889816360601
inside,0.333889816360601
rev,0.333889816360601
bishop,0.333889816360601
barda,0.333889816360601
keep,0.333889816360601
english,0.333889816360601
temple,0.333889816360601
amp,0.333889816360601
oops,0.333889816360601
hasatan,0.333889816360601
deny,0.333889816360601
christians,0.333889816360601
satan,0.333889816360601
islam,0.333889816360601
cooper,0.333889816360601
still,0.333889816360601
using,0.333889816360601
place,0.333889816360601
said,0.333889816360601
away,0.333889816360601
christian,0.333889816360601
says,0.333889816360601
hell,0.333889816360601
üìñ,0.333889816360601
sense,0.333889816360601
ish,0.333889816360601
go,0.333889816360601
well,0.333889816360601
law,0.333889816360601
right,0.333889816360601
jerusalem,0.333889816360601
moses,0.333889816360601
picture,0.1669449081803005
badges,0.1669449081803005
havent,0.1669449081803005
majority,0.1669449081803005
way,0.1669449081803005
mahdi,0.1669449081803005
promised,0.1669449081803005
swt,0.1669449081803005
informed,0.1669449081803005
ghulam,0.1669449081803005
hijra,0.1669449081803005
14th,0.1669449081803005
mujaddid,0.1669449081803005
ahmad,0.1669449081803005
mirza,0.1669449081803005
hazrat,0.1669449081803005
through,0.1669449081803005
surprised,0.1669449081803005
girl,0.1669449081803005
im,0.1669449081803005
coincidence,0.1669449081803005
loyal,0.1669449081803005
catholic,0.1669449081803005
rewrite,0.1669449081803005
wicked,0.1669449081803005
hand,0.1669449081803005
given,0.1669449081803005
earth,0.1669449081803005
924,0.1669449081803005
job,0.1669449081803005
bidding,0.1669449081803005
evil,0.1669449081803005
demons,0.1669449081803005
board,0.1669449081803005
bingo,0.1669449081803005
numi‚Äôs,0.1669449081803005
filling,0.1669449081803005
purpose,0.1669449081803005
sole,0.1669449081803005
planning,0.1669449081803005
sympathizer,0.1669449081803005
nazi,0.1669449081803005
little,0.1669449081803005
fight,0.1669449081803005
cant,0.1669449081803005
repeat,0.1669449081803005
send,0.1669449081803005
allahll,0.1669449081803005
raised,0.1669449081803005
kill,0.1669449081803005
miracles,0.1669449081803005
shown,0.1669449081803005
messages,0.1669449081803005
preach,0.1669449081803005
try,0.1669449081803005
messenger,0.1669449081803005
came,0.1669449081803005
hence,0.1669449081803005
delivered,0.1669449081803005
faces,0.1669449081803005
servants,0.1669449081803005
answered,0.1669449081803005
food,0.1669449081803005
dog,0.1669449081803005
etcü§î,0.1669449081803005
ummat,0.1669449081803005
muhammad,0.1669449081803005
qiyamah,0.1669449081803005
free,0.1669449081803005
times,0.1669449081803005
many,0.1669449081803005
matter,0.1669449081803005
doesnt,0.1669449081803005
32628,0.1669449081803005
gal,0.1669449081803005
female,0.1669449081803005
male,0.1669449081803005
slave,0.1669449081803005
üëá,0.1669449081803005
gentile,0.1669449081803005
longer,0.1669449081803005
clothes,0.1669449081803005
putting,0.1669449081803005
baptism,0.1669449081803005
united,0.1669449081803005
faith,0.1669449081803005
children,0.1669449081803005
cover,0.1669449081803005
high,0.1669449081803005
judges,0.1669449081803005
excuses,0.1669449081803005
29,0.1669449081803005
hit,0.1669449081803005
chosen,0.1669449081803005
god‚Äôs,0.1669449081803005
argue,0.1669449081803005
everytime,0.1669449081803005
blacks,0.1669449081803005
ran,0.1669449081803005
russia,0.1669449081803005
11415,0.1669449081803005
it‚Äôs,0.1669449081803005
exactly,0.1669449081803005
mention,0.1669449081803005
care,0.1669449081803005
buddies,0.1669449081803005
john,0.1669449081803005
invent,0.1669449081803005
sure,0.1669449081803005
make,0.1669449081803005
movingüíØ,0.1669449081803005
holiness,0.1669449081803005
inform,0.1669449081803005
xii,0.1669449081803005
lindsay,0.1669449081803005
mark,0.1669449081803005
barth,0.1669449081803005
others,0.1669449081803005
igel,0.1669449081803005
records,0.1669449081803005
baptismal,0.1669449081803005
gave,0.1669449081803005
pius,0.1669449081803005
building,0.1669449081803005
pope,0.1669449081803005
letter,0.1669449081803005
reported,0.1669449081803005
franciszek,0.1669449081803005
apartments,0.1669449081803005
converted,0.1669449081803005
curia,0.1669449081803005
bishops,0.1669449081803005
dont,0.1669449081803005
hoc,0.1669449081803005
thereof,0.1669449081803005
post,0.1669449081803005
qasha,0.1669449081803005
suhail,0.1669449081803005
arose,0.1669449081803005
dispute,0.1669449081803005
due,0.1669449081803005
news,0.1669449081803005
falsification,0.1669449081803005
showed,0.1669449081803005
creation,0.1669449081803005
flood,0.1669449081803005
great,0.1669449081803005
told,0.1669449081803005
tablets,0.1669449081803005
revealed,0.1669449081803005
library,0.1669449081803005
ashurbanipal,0.1669449081803005
sisterhoodofdarkness,0.1669449081803005
brotherhoodofdarkness,0.1669449081803005
knowyourenemy,0.1669449081803005
peter,0.1669449081803005
charged,0.1669449081803005
lawless,0.1669449081803005
opposite,0.1669449081803005
thinking,0.1669449081803005
youre,0.1669449081803005
laws,0.1669449081803005
think,0.1669449081803005
priests,0.1669449081803005
al,0.1669449081803005
zionism,0.1669449081803005
totally,0.1669449081803005
total,0.1669449081803005
romans,0.1669449081803005
saying,0.1669449081803005
literally,0.1669449081803005
funny,0.1669449081803005
plan,0.1669449081803005
gods,0.1669449081803005
part,0.1669449081803005
though,0.1669449081803005
death,0.1669449081803005
uzza,0.1669449081803005
rebuild,0.1669449081803005
minions,0.1669449081803005
called,0.1669449081803005
jeremiah,0.1669449081803005
priesthood,0.1669449081803005
concerning,0.1669449081803005
nothing,0.1669449081803005
spake,0.1669449081803005
tribe,0.1669449081803005
sprang,0.1669449081803005
evident,0.1669449081803005
714,0.1669449081803005
hebrews,0.1669449081803005
yashaya,0.1669449081803005
belongs,0.1669449081803005
vatican,0.1669449081803005
man,0.1669449081803005
passage,0.1669449081803005
represented,0.1669449081803005
seems,0.1669449081803005
feinstein,0.1669449081803005
hebrewjew,0.1669449081803005
119,0.1669449081803005
unto,0.1669449081803005
conspiracy,0.1669449081803005
religion,0.1669449081803005
waste,0.1669449081803005
avoid,0.1669449081803005
blairites,0.1669449081803005
christkiller,0.1669449081803005
stop,0.1669449081803005
spirit,0.1669449081803005
devoid,0.1669449081803005
dry,0.1669449081803005
reduced,0.1669449081803005
found,0.1669449081803005
revive,0.1669449081803005
come,0.1669449081803005
coz,0.1669449081803005
jew‚Äù,0.1669449081803005
inward,0.1669449081803005
‚Äúan,0.1669449081803005
7,0.1669449081803005
inhabitants,0.1669449081803005
thought,0.1669449081803005
big,0.1669449081803005
iblisor,0.1669449081803005
done,0.1669449081803005
narcissism,0.1669449081803005
sorabbi,0.1669449081803005
islamicheritagemonth,0.1669449081803005
bible,0.1669449081803005
iloveprophetmuhammad,0.1669449081803005
worshipping,0.1669449081803005
r,0.1669449081803005
infact,0.1669449081803005
corrupted,0.1669449081803005
sentinel,0.1669449081803005
sun,0.1669449081803005
less,0.1669449081803005
services,0.1669449081803005
virtual,0.1669449081803005
attend,0.1669449081803005
survey,0.1669449081803005
don‚Äôt,0.1669449081803005
means,0.1669449081803005
‚Äòchrist‚Äô,0.1669449081803005
talmudic,0.1669449081803005
tacticshe,0.1669449081803005
states,0.1669449081803005
we‚Äôre,0.1669449081803005
torahlaw,0.1669449081803005
creators,0.1669449081803005
believes,0.1669449081803005
believer,0.1669449081803005
sincere,0.1669449081803005
colors,0.1669449081803005
kinds,0.1669449081803005
people,0.1669449081803005
race,0.1669449081803005
‚Äúwhatever,0.1669449081803005
judaism,0.1669449081803005
emphasized,0.1669449081803005
‚Äúi,0.1669449081803005
matter‚Äù,0.1669449081803005
rabbi,0.1669449081803005
dictated,0.1669449081803005
take,0.1669449081803005
changes,0.1669449081803005
likely,0.1669449081803005
geography,0.1669449081803005
determined,0.1669449081803005
makes,0.1669449081803005
upon,0.1669449081803005
dependent,0.1669449081803005
covenant,0.1669449081803005
entry,0.1669449081803005
influencers,0.1669449081803005
orders,0.1669449081803005
lockdown,0.1669449081803005
despite,0.1669449081803005
holiday,0.1669449081803005
celebrate,0.1669449081803005
ultraorthodox,0.1669449081803005
israeli,0.1669449081803005
theit,0.1669449081803005
solomons,0.1669449081803005
iraq,0.1669449081803005
syria,0.1669449081803005
cares,0.1669449081803005
palestine,0.1669449081803005
everyone,0.1669449081803005
becoming,0.1669449081803005
legally,0.1669449081803005
via,0.1669449081803005
name,0.1669449081803005
pretty,0.1669449081803005
bible‚Äîsounds,0.1669449081803005
recorded,0.1669449081803005
passover,0.1669449081803005
celebrated,0.1669449081803005
followed,0.1669449081803005
derives,0.1669449081803005
‚Äújew‚Äù,0.1669449081803005
hebrew,0.1669449081803005
ritual,0.1669449081803005
hezekiah,0.1669449081803005
arabs,0.1669449081803005
slaves,0.1669449081803005
arab,0.1669449081803005
message,0.1669449081803005
galatians,0.1669449081803005
incorrect,0.1669449081803005
circumcision,0.1669449081803005
killing,0.1669449081803005
slowly,0.1669449081803005
countries,0.1669449081803005
proverbs,0.1669449081803005
pit,0.1669449081803005
narrow,0.1669449081803005
woman,0.1669449081803005
strange,0.1669449081803005
ditch,0.1669449081803005
deep,0.1669449081803005
whore,0.1669449081803005
2327,0.1669449081803005
sin,0.1669449081803005
lieth,0.1669449081803005
order,0.1669449081803005
agenda,0.1669449081803005
push,0.1669449081803005
music,0.1669449081803005
media,0.1669449081803005
use,0.1669449081803005
worships,0.1669449081803005
ü§™,0.1669449081803005
28,0.1669449081803005
wait,0.1669449081803005
surrounding,0.1669449081803005
sent,0.1669449081803005
run,0.1669449081803005
cultureactuallyü§¢ü§Æ,0.1669449081803005
ahead,0.1669449081803005
20,0.1669449081803005
book,0.1669449081803005
opportunity,0.1669449081803005
wrote,0.1669449081803005
changed,0.1669449081803005
prophets,0.1669449081803005
prey,0.1669449081803005
killed,0.1669449081803005
war,0.1669449081803005
waged,0.1669449081803005
phone,0.1669449081803005
talk,0.1669449081803005
nasty,0.1669449081803005
transgressors,0.1669449081803005
increaseth,0.1669449081803005
8283,0.1669449081803005
