Actual,decision-tree-tfidf-classification,svm-tfidf-classification,naive-bayes-tfidf-classification,xgboost-tfidf-classification,decision-tree-freq-classification,svm-freq-classification,naive-bayes-freq-classification,xgboost-freq-classification,decision-tree-bow-classification,svm-bow-classification,naive-bayes-bow-classification,xgboost-bow-classification
1,0,0,0,0,0,0,0,0,0,0,0,0
0,0,0,0,0,0,0,0,0,1,0,0,0
0,0,0,0,0,0,0,0,0,0,0,0,0
0,0,0,0,0,0,0,0,0,0,0,1,0
0,0,0,0,0,0,0,0,0,0,0,0,0
1,0,0,0,0,0,0,0,0,0,0,0,0
1,0,0,0,1,0,0,0,1,1,0,1,1
1,0,0,1,0,0,0,1,0,0,0,1,0
1,1,0,0,1,0,0,0,1,1,0,1,0
0,1,0,1,1,1,0,1,1,1,1,1,1
1,1,0,1,1,1,1,1,1,0,1,1,1
0,0,0,1,0,0,0,1,0,0,0,1,0
0,0,0,0,0,0,0,0,0,0,0,0,0
1,1,1,1,1,1,1,1,1,1,1,1,1
0,0,0,0,0,0,0,0,0,0,0,0,0
0,0,0,0,0,0,0,0,0,0,0,0,0
0,0,0,0,0,0,0,0,0,0,0,0,0
0,0,0,0,0,0,0,0,0,0,0,0,0
0,1,0,0,1,0,1,1,1,1,1,0,1
0,0,0,0,0,0,0,0,0,0,0,0,0
0,0,0,0,0,0,0,0,0,0,0,0,0
0,0,0,0,0,0,0,0,0,0,0,0,0
0,0,0,0,0,0,0,0,0,0,0,1,0
0,0,0,0,0,0,0,0,0,0,0,0,0
1,0,0,0,0,0,0,0,0,0,0,0,0
0,0,0,0,0,0,0,0,0,0,0,0,0
0,0,0,1,0,0,0,1,0,0,0,1,0
0,0,0,1,0,0,0,1,0,0,0,1,0
0,0,0,1,0,0,0,1,0,0,0,1,0
0,0,0,0,0,0,0,0,0,0,0,0,0
1,0,0,1,0,0,0,1,0,0,0,1,0
1,0,0,0,0,0,0,0,0,0,0,0,0
0,0,0,0,0,0,0,0,0,0,0,0,0
0,0,0,0,0,0,0,0,0,1,0,0,0
0,0,0,0,0,0,0,0,0,0,0,0,0
0,0,0,0,0,0,0,0,0,0,0,0,0
0,0,0,1,0,0,0,1,0,0,0,0,0
0,0,0,0,0,0,0,0,0,1,0,0,0
1,0,0,0,0,0,0,0,0,0,0,0,0
0,0,0,0,1,0,0,0,1,0,0,0,1
0,0,0,0,0,0,0,0,0,0,0,0,0
0,1,0,0,1,1,0,0,1,0,0,0,0
1,1,0,0,1,1,0,0,1,0,0,0,0
0,0,0,0,0,0,0,0,0,0,0,0,0
0,0,0,1,0,0,0,1,0,0,0,1,0
1,1,0,1,0,1,0,1,0,0,0,1,0
0,0,0,0,0,0,0,0,0,0,0,0,0
0,0,0,1,0,0,0,1,0,0,0,0,0
0,0,0,0,0,0,0,0,0,0,0,0,0
0,0,0,0,0,0,0,0,0,0,0,0,0
0,0,0,0,0,0,0,0,0,0,0,1,0
0,0,0,0,0,0,0,0,0,0,0,0,0
0,0,0,0,0,0,0,0,0,0,0,0,0
1,0,0,0,0,0,0,0,0,0,0,0,0
0,0,0,0,0,0,0,0,0,0,0,0,0
0,0,0,0,0,1,0,0,0,0,0,0,0
0,0,0,0,0,0,0,0,0,0,0,0,0
0,0,0,0,0,0,0,0,0,1,0,0,0
0,0,0,0,0,0,0,0,0,0,0,1,0
1,0,0,0,0,0,0,0,0,0,0,0,0
0,0,0,0,1,1,0,0,1,0,0,0,0
0,1,0,0,0,1,0,0,0,1,0,0,0
0,0,0,0,0,0,0,0,0,0,0,1,0
0,0,0,0,0,0,0,0,0,1,0,0,0
1,0,0,0,0,0,0,0,0,1,0,0,1
1,0,0,1,0,0,0,1,0,1,0,0,1
0,1,0,0,0,1,0,0,0,0,0,1,0
0,0,0,0,0,0,0,0,0,0,0,0,0
0,0,0,0,0,0,0,0,0,0,0,0,0
0,1,0,0,0,1,0,0,0,0,0,0,0
0,0,0,0,0,0,0,0,0,0,0,0,0
1,0,0,0,0,0,0,0,0,0,0,0,0
0,0,0,0,0,0,0,0,0,0,0,0,0
0,0,0,0,0,0,0,0,0,0,0,0,0
0,0,0,0,0,0,0,0,0,0,0,0,0
1,1,0,0,0,1,0,0,0,0,0,0,0
0,0,0,1,0,0,0,1,0,0,0,1,0
0,0,0,0,0,0,0,0,0,1,0,0,0
0,0,0,0,0,0,0,0,0,0,0,0,0
1,0,0,0,0,0,0,0,0,0,0,0,0
0,0,0,0,0,0,0,0,0,0,0,0,0
0,0,0,1,0,0,0,1,0,0,0,0,0
0,1,0,0,0,1,0,0,0,0,0,0,0
1,0,0,0,0,0,0,0,0,0,0,0,0
0,0,0,1,0,0,0,1,0,0,0,1,0
0,0,0,0,0,1,0,0,0,0,0,0,0
1,0,0,0,0,0,0,0,0,0,0,0,0
0,0,0,0,0,0,0,0,0,0,0,0,0
0,0,0,1,0,0,0,1,0,0,0,0,0
0,0,0,0,0,0,0,0,0,0,0,0,0
0,0,0,1,0,0,0,1,0,0,0,0,0
1,0,0,1,0,0,0,1,0,0,0,0,1
1,0,0,0,1,0,0,0,1,0,0,0,0
0,0,0,0,0,0,0,0,0,0,0,0,0
0,0,0,0,0,0,0,0,0,1,0,0,0
0,0,0,0,0,1,0,0,0,0,0,0,0
1,1,0,1,0,0,0,1,0,0,1,1,1
1,0,0,0,0,0,0,0,0,0,0,0,0
0,0,0,0,0,0,0,0,0,0,0,0,0
1,0,0,0,0,0,0,0,0,0,0,1,0
1,1,0,0,0,1,0,0,0,1,0,0,0
0,0,0,0,0,0,0,0,0,0,0,0,0
1,0,0,0,0,1,0,0,0,0,0,0,0
0,0,0,0,0,0,0,0,0,0,0,0,0
0,0,0,1,0,0,0,1,0,0,0,1,0
0,0,0,0,0,0,0,0,0,0,0,0,0
1,0,0,0,0,0,0,0,0,0,0,0,0
0,0,0,1,0,0,0,1,0,0,0,1,0
0,0,0,0,0,0,0,0,0,1,0,0,0
0,0,0,1,0,0,0,1,0,0,0,0,0
1,1,0,1,0,0,0,1,0,0,0,1,1
0,0,0,1,0,0,0,1,0,0,0,1,0
0,0,0,1,0,0,0,1,0,0,0,0,0
1,1,0,0,0,1,0,0,0,0,0,0,0
0,0,0,0,0,0,0,0,0,0,0,0,0
0,0,0,1,0,0,0,1,0,0,0,1,0
0,0,0,0,0,0,0,0,0,0,0,0,0
0,0,0,0,0,0,0,0,0,0,0,0,0
0,0,0,0,0,0,0,0,0,0,0,0,0
0,0,0,0,0,0,0,0,0,0,0,1,0
0,0,0,0,0,0,0,0,0,0,0,1,0
1,0,0,1,0,0,0,1,0,0,0,1,0
0,1,0,0,1,1,0,0,1,0,0,0,1
0,0,0,0,0,0,0,0,0,0,0,0,0
1,0,0,0,0,0,0,0,0,0,0,1,0
1,1,0,0,1,1,0,0,1,1,1,0,0
1,1,0,1,1,1,0,1,1,0,0,1,0
1,0,0,0,1,0,0,0,1,0,0,0,0
0,0,0,0,0,0,0,0,0,0,0,0,0
0,0,0,1,0,0,0,1,0,0,0,1,0
0,0,0,0,0,0,0,0,0,0,0,0,0
0,0,0,0,0,0,0,0,0,1,0,0,0
1,0,0,1,0,0,0,1,0,0,0,1,0
0,0,0,0,0,0,0,0,0,0,0,0,0
0,0,0,1,0,0,0,1,0,0,0,1,0
1,1,0,1,1,1,0,1,1,1,0,1,1
0,0,0,0,0,0,0,0,0,0,0,0,0
0,0,0,0,0,0,0,0,0,0,0,0,0
1,1,1,1,1,1,0,1,1,1,1,1,1
0,0,0,1,0,0,0,1,0,0,0,1,0
0,0,0,1,1,0,1,1,1,0,1,1,1
0,0,0,0,0,0,0,0,0,0,0,0,0
0,0,0,1,0,0,0,1,0,0,0,1,0
0,0,0,0,0,0,0,0,0,0,0,0,0
0,0,0,0,0,0,0,0,0,0,0,0,1
0,0,0,0,0,0,0,0,0,1,0,1,0
0,0,0,0,0,0,0,0,0,0,0,0,0
1,1,0,0,1,1,1,0,1,1,1,1,1
0,0,0,0,0,0,0,0,0,0,0,0,0
0,0,0,0,0,0,0,0,0,0,0,0,0
1,1,0,0,1,1,1,0,1,1,1,0,0
0,0,0,1,0,0,0,1,0,0,0,0,0
1,1,0,0,1,1,0,0,1,0,0,0,0
1,1,0,0,1,1,1,0,1,1,1,0,1
0,0,0,1,0,0,0,1,0,0,0,1,0
0,0,0,1,0,0,0,1,0,0,0,0,0
0,0,0,0,0,0,0,0,0,0,0,0,0
1,0,0,0,0,0,0,0,0,0,0,0,0
1,0,0,0,0,0,0,0,0,1,0,0,1
1,0,0,1,0,0,0,1,0,0,0,1,0
0,0,0,0,0,0,0,0,0,0,0,0,0
1,1,0,0,1,1,0,0,1,1,0,0,1
0,0,0,0,0,0,0,0,0,0,0,0,0
1,0,0,0,0,0,0,0,0,0,0,0,0
0,0,0,0,0,0,0,0,0,0,0,0,0
1,0,0,0,0,0,0,0,0,0,0,0,0
1,0,0,0,0,0,0,0,0,0,0,0,0
0,0,0,0,0,0,0,0,0,0,0,0,0
0,0,0,0,0,0,0,0,0,0,0,0,0
0,0,0,0,1,0,0,0,1,0,0,0,0
1,1,0,1,0,1,0,1,0,0,0,1,0
0,0,0,0,0,0,0,0,0,0,0,0,0
1,0,0,0,0,0,0,0,0,0,0,0,0
0,0,0,0,0,0,0,0,0,0,0,0,0
0,0,0,0,0,0,0,0,0,0,0,1,0
0,0,0,0,0,0,0,0,0,0,0,0,0
0,0,0,0,0,0,0,0,0,0,0,0,0
1,0,0,0,0,0,0,0,0,1,1,0,1
1,0,0,0,0,0,0,0,0,0,0,0,0
0,0,0,0,0,0,0,0,0,1,0,0,0
0,0,0,0,0,0,0,0,0,0,0,0,0
1,1,1,1,1,1,1,1,1,1,1,1,1
0,1,0,0,0,1,0,0,0,1,0,0,1
1,1,0,0,0,1,0,0,0,0,0,0,0
0,0,0,0,0,0,0,0,0,0,0,0,0
1,1,0,0,0,1,0,0,0,0,0,0,0
0,0,0,0,0,0,0,0,0,0,0,0,0
0,1,0,0,0,0,0,0,0,0,0,0,0
0,0,0,1,0,0,0,1,0,0,0,0,0
0,1,0,0,1,1,0,0,1,1,0,0,0
0,0,0,1,0,0,0,1,0,0,0,0,0
1,0,0,1,1,1,0,1,1,0,1,1,1
0,0,0,1,0,0,0,1,0,0,0,1,0
0,0,0,0,0,0,0,0,0,0,0,0,0
0,1,0,0,0,1,0,0,0,0,0,0,0
0,0,0,0,0,0,0,0,0,0,0,0,0
0,0,0,1,0,0,0,1,0,0,0,1,0
1,1,0,0,1,1,1,0,1,1,1,1,1
0,0,0,1,0,0,0,1,0,0,0,1,0
1,1,0,1,1,1,1,1,1,1,1,0,1
1,1,0,0,0,0,0,0,0,1,1,0,1
1,0,0,0,0,0,0,0,0,0,0,0,0
0,0,0,0,0,0,0,0,0,1,0,0,0
0,0,0,0,0,0,0,0,0,0,0,0,0
0,0,0,0,0,0,0,0,0,0,0,0,0
0,0,0,0,0,0,0,0,0,0,0,0,0
0,0,0,1,0,0,0,1,0,0,0,1,0
1,0,0,0,0,0,0,0,0,0,0,0,0
0,1,0,0,1,1,0,0,1,1,1,0,1
0,0,0,1,0,0,0,1,0,0,0,1,0
1,0,0,0,0,0,0,0,0,1,0,0,0
1,1,0,0,0,1,0,0,0,1,1,0,1
0,1,0,0,1,1,0,0,1,0,0,0,0
0,1,0,1,0,1,0,1,0,0,0,1,0
0,0,0,0,0,0,0,0,0,1,0,0,0
0,0,0,0,0,0,0,0,0,0,0,0,0
0,0,0,0,0,0,0,0,0,0,0,0,0
0,0,0,0,0,0,0,0,0,0,0,0,0
0,0,0,1,0,0,0,1,0,0,0,1,0
1,0,0,0,0,0,0,0,0,0,0,0,0
1,1,0,1,1,1,1,1,1,1,1,0,0
1,1,1,1,1,1,1,1,1,1,1,1,1
0,1,0,0,1,1,1,1,1,1,1,0,1
0,0,0,1,0,0,0,1,0,0,0,1,0
1,1,0,0,1,1,0,0,1,1,0,1,0
0,1,0,1,0,1,0,1,0,0,0,1,0
0,0,0,0,0,0,0,0,0,0,0,0,0
1,0,0,0,0,0,0,0,0,0,0,0,0
1,1,1,0,1,1,1,0,1,1,1,0,1
0,0,0,0,0,0,0,0,0,1,0,0,0
0,0,0,1,0,0,0,1,0,0,0,1,0
1,1,0,0,0,1,0,0,0,1,1,0,1
0,0,0,0,0,0,0,0,0,0,0,0,0
0,0,0,0,0,0,0,0,0,0,0,0,0
0,0,0,0,0,0,0,0,0,0,0,0,0
1,1,0,0,0,1,0,0,0,0,0,0,0
0,0,0,0,0,0,0,0,0,0,0,0,0
0,0,0,1,0,0,0,1,0,0,0,1,0
1,1,0,1,0,1,0,1,0,0,0,1,0
0,0,0,0,1,0,0,0,1,0,1,0,1
1,0,0,1,0,0,0,1,0,0,0,1,0
0,0,0,0,0,0,0,0,0,0,0,0,0
1,0,0,0,0,0,0,0,0,0,0,0,0
0,0,0,0,0,0,0,0,0,0,0,1,0
0,1,0,0,0,1,0,0,0,1,0,0,0
0,0,0,0,0,0,0,0,0,0,0,0,0
0,0,0,1,0,0,0,1,0,0,0,1,0
0,0,0,0,0,0,0,0,0,0,0,0,0
0,1,0,1,1,1,0,1,1,0,0,1,0
0,0,0,0,1,0,0,0,1,1,0,0,1
1,1,0,0,0,1,0,0,0,0,0,0,0
1,0,0,0,0,0,0,0,0,0,0,0,0
1,1,0,1,0,1,0,1,0,1,1,1,0
0,0,0,0,0,0,0,0,0,0,0,0,0
1,1,1,0,1,1,1,0,1,1,1,0,1
0,0,0,1,0,0,0,1,0,0,0,1,0
0,0,0,0,0,0,0,0,0,0,0,0,0
0,0,0,0,0,0,0,0,0,0,0,0,0
0,0,0,0,0,0,0,0,0,0,0,1,0
1,0,0,0,1,0,0,0,1,0,1,0,1
0,0,0,1,0,0,0,1,0,0,0,0,0
0,0,0,0,0,0,0,0,0,0,0,0,0
1,1,0,1,0,1,1,1,0,0,0,1,0
1,1,0,0,0,1,1,0,0,1,1,0,1
1,0,0,0,0,1,0,0,0,0,0,0,0
0,0,0,0,0,0,0,0,0,0,0,0,0
1,1,0,0,1,1,1,0,1,0,1,0,0
1,0,0,0,0,0,0,0,0,0,0,0,0
1,0,0,0,0,0,0,0,0,0,0,0,0
0,0,0,0,0,0,0,0,0,0,0,0,0
0,0,0,1,0,0,0,1,0,1,0,1,0
0,0,0,0,0,0,0,0,0,0,0,0,0
0,0,0,0,0,0,0,0,0,0,0,0,0
0,0,0,0,0,0,0,0,0,1,0,0,0
0,1,0,1,1,1,1,1,1,0,1,1,1
1,0,0,0,0,0,0,0,0,1,0,1,0
0,0,0,0,0,0,0,0,0,0,0,0,0
0,0,0,0,0,0,0,0,0,0,0,0,0
1,1,0,1,0,1,0,1,0,1,0,1,1
0,0,0,1,0,0,0,1,0,0,0,1,0
0,0,0,0,0,0,0,0,0,0,0,0,0
1,1,0,0,1,1,1,0,1,1,1,0,1
0,0,0,1,0,0,0,1,0,0,0,0,0
1,1,0,0,0,1,0,0,0,0,0,0,0
1,0,0,0,0,0,0,0,0,0,0,0,0
0,1,1,1,1,1,1,1,1,1,1,1,1
0,0,0,0,0,0,0,0,0,0,0,1,0
1,1,0,0,0,0,0,0,0,0,0,0,1
1,0,0,0,0,0,0,0,0,0,0,0,0
1,1,0,1,1,1,0,1,1,1,1,1,1
1,0,0,0,0,0,0,0,0,0,0,0,0
0,0,0,0,0,0,0,0,0,0,0,0,0
1,0,0,0,1,0,0,0,1,1,1,0,1
0,0,0,1,0,0,0,1,0,0,0,0,0
0,0,0,0,1,0,0,0,1,0,0,0,0
1,1,1,1,0,1,1,1,0,1,1,1,1
0,0,0,0,0,0,0,0,0,0,0,0,0
0,1,0,0,1,1,0,0,1,0,0,0,0
0,0,0,0,0,1,0,0,0,0,0,0,0
0,0,0,0,0,0,0,0,0,0,0,0,0
1,1,0,0,0,1,0,0,0,0,1,0,1
0,0,0,0,0,0,0,0,0,0,0,0,0
1,0,0,0,0,0,0,0,0,0,0,0,0
0,0,0,0,0,0,0,0,0,0,0,0,0
1,0,0,0,0,0,0,0,0,0,0,0,0
0,0,0,0,0,0,0,0,0,0,0,0,0
1,0,0,1,0,0,0,1,0,1,1,0,1
1,1,0,1,1,1,0,1,1,1,1,1,1
1,1,0,1,0,1,0,1,0,0,0,1,0
0,1,0,1,0,0,0,1,0,0,0,0,0
0,0,0,0,0,0,0,0,0,0,0,0,0
1,0,0,0,0,0,0,0,0,0,0,0,0
0,1,0,1,0,1,1,1,0,1,1,1,1
0,0,0,0,0,0,0,0,0,0,0,0,0
1,1,0,0,1,1,0,0,1,0,0,0,1
0,0,0,0,0,0,0,0,0,1,0,0,0
0,1,0,1,0,0,0,1,0,0,0,1,0
0,0,0,0,0,0,0,0,0,0,0,0,0
1,0,0,0,0,0,0,0,0,0,0,1,0
0,0,0,0,0,0,0,0,0,0,0,0,0
0,0,0,1,0,0,0,1,0,0,0,0,0
0,0,0,1,0,0,0,1,0,0,0,1,0
1,0,0,0,0,0,0,0,0,0,0,0,0
0,0,0,1,0,0,0,1,0,0,0,1,0
0,1,0,0,0,1,0,0,0,0,0,0,0
1,0,0,0,0,0,0,0,0,0,0,0,0
0,0,0,0,0,0,0,0,0,0,0,0,0
1,1,0,0,0,1,0,0,0,0,0,0,0
1,0,0,0,0,0,0,0,0,0,0,0,0
0,1,0,1,1,1,1,1,1,1,1,0,0
1,1,0,0,1,1,0,0,1,0,1,0,1
0,0,0,0,0,0,0,0,0,0,0,0,0
0,0,0,0,0,0,0,0,0,0,0,0,0
0,0,0,0,0,0,0,0,0,0,0,0,0
0,0,0,0,0,0,0,0,0,0,0,0,0
1,1,0,1,1,1,1,1,1,1,1,1,1
0,0,0,0,0,0,0,0,0,0,0,0,0
1,0,0,1,0,0,0,1,0,1,0,0,0
0,0,0,0,0,0,0,0,0,0,0,0,0
0,1,0,1,1,1,0,1,1,1,1,0,1
0,0,0,0,0,0,0,0,0,0,0,0,0
1,1,0,1,0,1,0,1,0,1,0,1,1
1,0,0,0,0,0,0,0,0,0,0,0,1
1,0,0,0,0,0,0,0,0,0,0,0,0
0,0,0,0,0,0,0,0,0,0,0,0,0
1,0,0,1,0,0,0,1,0,0,0,1,0
1,1,0,0,1,1,0,0,1,0,0,0,1
0,1,0,0,0,1,0,0,0,0,0,0,0
0,0,0,0,0,0,0,0,0,0,0,0,0
0,0,0,0,0,0,0,0,0,0,0,0,0
1,0,0,0,0,0,0,0,0,1,0,0,0
1,1,0,0,1,1,0,0,1,1,1,0,1
0,0,0,0,0,0,0,0,0,0,0,0,0
0,0,0,1,0,0,0,1,0,0,0,0,0
1,1,0,0,1,1,0,0,1,1,1,0,1
0,0,0,1,0,0,0,1,0,0,0,1,0
0,0,0,0,0,0,0,0,0,0,0,0,0
0,0,0,0,0,0,0,0,0,0,0,0,0
0,0,0,1,0,0,0,1,0,0,0,1,0
0,1,0,0,0,1,0,0,0,0,0,0,0
1,0,0,0,0,0,0,0,0,0,0,0,0
1,1,0,0,0,1,1,0,0,1,1,1,1
1,0,0,1,0,0,0,1,0,0,1,1,1
0,0,0,0,0,0,0,0,0,0,0,0,0
1,1,0,0,0,1,0,1,0,1,0,0,0
0,0,0,1,0,0,0,1,0,1,1,0,0
1,1,0,1,1,1,1,1,1,1,1,0,1
0,0,0,1,0,0,0,1,0,0,0,0,0
0,0,0,0,1,0,0,0,1,1,0,0,0
1,0,0,0,0,0,0,0,0,0,0,0,0
0,0,0,1,0,0,0,1,0,0,0,0,0
0,0,0,0,0,0,0,0,0,0,0,0,0
0,0,0,0,0,0,0,0,0,0,0,0,0
0,0,0,0,0,0,0,0,0,0,0,1,0
0,0,0,0,0,0,0,0,0,0,0,0,1
0,0,0,0,0,0,0,0,0,0,0,1,0
0,0,0,0,0,0,0,0,0,0,0,0,0
0,1,0,0,1,0,0,0,1,1,0,0,1
0,1,0,0,0,1,0,0,0,0,1,0,1
0,1,0,1,1,1,1,1,1,1,1,1,1
0,1,0,0,1,1,1,0,1,1,1,0,1
0,0,0,1,0,0,0,1,0,0,0,1,0
0,0,0,0,1,0,0,0,1,0,0,0,1
0,0,0,1,0,0,0,1,0,0,0,1,0
0,0,0,1,0,0,0,0,0,0,0,0,0
1,1,0,1,0,1,0,1,0,1,0,1,0
0,1,0,0,1,1,0,0,1,1,0,0,1
0,0,0,0,0,0,0,0,0,0,0,0,1
0,0,0,0,0,0,0,0,0,0,0,0,0
0,0,0,0,0,0,0,0,0,0,0,0,0
0,0,0,0,0,0,0,0,0,0,0,0,0
0,0,0,1,0,0,0,1,0,0,0,1,0
0,1,0,1,0,0,0,1,0,0,1,1,0
0,0,0,0,0,0,0,0,0,0,0,0,0
0,0,0,0,0,0,0,0,0,0,0,1,0
0,0,0,0,0,0,0,0,0,0,0,0,0
0,0,0,0,0,0,0,0,0,1,0,1,0
0,1,0,1,1,1,0,1,1,0,0,0,1
0,0,0,0,0,0,0,0,0,0,0,0,0
0,1,0,0,0,1,0,0,0,0,0,0,0
0,0,0,0,0,0,0,0,0,0,0,0,0
0,0,0,0,0,0,0,0,0,0,0,0,0
0,1,0,0,1,1,0,0,1,0,0,1,1
1,1,0,0,0,1,0,0,0,0,1,0,1
0,0,0,0,0,0,0,0,0,0,0,0,0
0,0,0,0,0,0,0,0,0,0,0,0,0
0,0,0,1,0,0,0,1,0,0,0,1,0
1,0,0,0,0,0,0,0,0,0,0,0,0
0,0,0,0,0,0,0,0,0,0,0,0,0
0,0,0,0,0,0,0,0,0,0,0,0,0
0,0,0,1,0,0,0,1,0,0,0,1,0
0,0,0,0,0,0,0,0,0,1,0,0,0
0,0,0,0,0,0,0,0,0,0,0,0,0
0,1,0,0,1,1,1,0,1,1,1,0,0
0,0,0,0,0,0,0,0,0,0,0,0,0
0,0,0,1,0,0,0,1,0,0,0,0,0
0,0,0,0,0,0,0,0,0,0,0,0,0
0,1,0,1,1,1,0,1,1,1,1,1,1
0,1,0,0,0,1,0,0,0,1,1,0,0
0,0,0,0,0,0,0,0,0,0,0,0,0
0,0,0,0,0,0,0,0,0,1,0,0,0
0,1,0,0,0,1,0,0,0,1,0,0,0
1,1,0,1,1,1,1,1,1,1,1,1,1
0,0,0,0,0,0,0,0,0,0,0,0,0
0,0,0,1,0,1,0,1,0,0,0,1,0
0,0,0,1,0,0,0,1,0,0,0,0,0
0,0,0,1,0,0,0,1,0,0,0,1,0
0,0,0,1,0,0,0,1,0,0,0,0,0
0,0,0,0,0,0,0,0,0,0,0,0,0
0,0,0,0,0,0,0,0,0,0,0,0,0
0,0,0,0,0,0,0,0,0,1,0,0,0
1,1,0,0,0,0,0,0,0,0,0,0,0
0,1,1,1,1,1,1,1,1,1,1,1,1
0,1,0,1,0,1,0,1,0,0,0,1,0
0,1,1,1,1,1,1,1,1,1,1,1,1
0,1,0,0,1,1,1,0,1,1,1,0,1
0,0,0,1,0,0,0,1,0,0,0,0,0
1,0,0,0,0,0,0,0,0,0,1,0,1
0,0,0,0,0,0,0,0,0,0,0,0,0
0,0,0,0,0,0,0,0,0,0,0,0,0
0,0,0,0,0,0,0,0,0,0,0,0,0
0,0,0,0,0,0,0,0,0,0,0,0,0
0,0,0,1,0,0,0,1,0,1,0,0,0
0,1,0,0,0,0,0,0,0,0,0,0,0
0,0,0,0,0,1,0,0,0,1,0,0,0
0,0,0,1,0,0,0,1,0,0,0,1,0
0,0,0,1,0,0,0,1,0,0,0,0,0
0,0,0,1,0,0,0,1,0,0,0,0,0
0,0,0,1,1,0,0,1,1,0,1,1,1
0,1,0,0,1,1,0,0,1,1,1,1,1
0,0,0,0,0,0,0,1,0,0,0,0,0
0,0,0,1,0,0,0,1,0,0,0,1,0
0,0,0,1,0,0,0,1,0,1,0,1,1
0,0,0,0,0,0,0,1,0,0,0,0,0
1,0,0,1,0,0,0,1,0,0,0,1,0
0,0,0,0,0,0,0,0,0,0,0,0,0
1,1,0,0,1,1,1,0,1,1,1,1,1
1,1,0,0,1,1,0,0,1,0,1,0,1
1,0,0,0,0,0,0,0,0,0,0,0,1
0,0,0,1,0,0,0,1,0,0,0,0,0
0,0,0,0,0,0,0,0,0,0,0,1,0
1,1,0,0,1,1,1,0,1,1,1,0,1
1,0,0,0,0,0,1,0,0,0,0,0,0
0,0,0,0,0,0,0,0,0,0,0,0,0
0,0,0,1,0,0,0,1,0,0,0,0,0
0,0,0,0,0,0,0,0,0,0,0,0,0
0,0,0,0,0,0,0,0,0,0,0,0,0
1,1,0,0,1,1,0,0,1,1,1,0,1
0,0,0,1,0,0,0,1,0,0,0,0,0
0,0,0,0,0,0,0,0,0,0,0,0,0
0,1,0,0,0,1,0,0,0,1,0,0,0
0,0,0,1,0,0,0,1,0,0,0,1,0
0,0,0,0,0,0,0,0,0,0,1,0,1
1,1,0,0,1,1,0,0,1,1,1,0,1
0,0,0,0,0,0,0,0,0,0,0,0,0
0,1,0,0,0,1,0,0,0,0,1,0,1
0,0,0,0,0,0,0,0,0,0,0,0,0
0,0,0,0,0,0,0,0,0,0,0,0,0
0,0,0,0,0,0,0,0,0,0,1,0,1
0,0,0,1,0,0,0,1,0,1,0,0,0
1,1,0,1,1,1,1,1,1,1,1,0,1
0,0,0,0,0,0,0,0,0,0,0,0,0
1,1,0,0,1,0,0,0,1,0,0,1,0
0,1,0,0,1,1,0,0,1,1,1,0,1
0,0,0,1,0,1,0,1,0,1,0,1,0
1,1,0,0,0,1,0,0,0,1,1,0,1
0,0,0,0,0,0,0,0,0,0,0,0,0
0,0,0,0,0,0,0,0,0,0,0,1,0
0,0,0,1,0,0,0,1,0,1,0,1,0
0,0,0,1,0,0,0,1,0,0,0,1,0
0,0,0,0,0,0,0,0,0,0,0,0,0
0,0,0,0,0,0,0,0,0,1,0,0,0
0,0,0,0,0,0,0,0,0,0,0,0,0
0,0,0,0,0,0,0,0,0,0,0,0,0
0,0,0,1,0,0,0,1,0,0,0,1,0
0,0,0,1,0,0,0,1,0,0,0,1,0
0,0,0,0,0,0,0,0,0,0,0,0,0
0,0,0,0,0,0,0,0,0,1,0,1,0
0,1,0,0,1,1,1,0,1,1,1,0,1
0,0,0,1,0,0,0,1,0,1,0,1,1
0,0,0,1,0,1,0,1,0,0,0,1,0
0,0,0,0,0,0,0,0,0,1,0,0,1
0,1,0,0,1,1,0,0,1,1,1,1,1
0,0,0,0,1,0,0,0,1,0,0,0,0
1,0,0,0,0,0,0,0,0,0,0,0,0
0,0,0,1,0,0,0,1,0,0,0,1,0
0,0,0,0,0,0,0,0,0,0,0,1,0
0,0,0,0,0,0,0,0,0,0,0,0,0
0,0,0,1,0,0,0,1,0,1,0,0,0
0,0,0,0,0,0,0,0,0,1,0,0,0
0,0,0,0,0,0,0,0,0,0,0,0,0
1,1,0,0,1,1,0,0,1,0,1,0,1
0,1,0,0,1,1,0,0,1,1,1,0,1
0,1,0,0,1,1,1,0,1,1,1,1,0
0,0,0,1,0,0,0,1,0,0,0,1,0
0,0,0,0,0,0,0,0,0,0,0,0,0
1,1,0,1,1,1,0,1,1,1,1,1,1
1,0,0,1,0,0,0,1,0,1,0,1,1
0,0,0,0,0,0,0,0,0,0,0,0,0
0,0,0,1,0,0,0,1,0,1,0,0,0
1,1,0,1,1,1,0,1,1,1,1,1,1
0,0,0,0,0,0,0,0,0,1,0,0,0
0,0,0,0,0,0,0,0,0,0,0,0,0
0,0,0,1,0,0,0,0,0,0,0,0,0
0,0,0,1,0,0,0,1,0,0,0,0,0
0,0,0,1,0,0,0,1,0,0,0,0,0
0,0,0,0,0,0,0,0,0,0,0,0,0
1,1,0,1,1,1,0,1,1,1,1,1,1
0,0,0,0,0,0,0,0,0,0,0,0,0
0,0,0,0,0,0,0,0,0,0,0,1,0
0,0,0,1,0,0,0,1,0,1,0,1,0
0,0,0,1,0,0,0,1,0,0,0,0,0
0,1,0,1,1,1,0,1,1,0,0,1,1
0,0,0,0,0,0,0,0,0,0,0,0,0
0,0,0,1,0,0,0,1,0,0,0,0,0
0,0,0,0,0,0,0,0,0,0,0,0,0
0,0,0,1,0,0,0,1,0,0,0,1,0
0,0,0,0,0,0,0,0,0,0,0,0,0
0,0,0,0,0,0,0,0,0,0,0,0,0
0,0,0,0,0,0,0,0,0,0,0,0,0
0,0,0,0,0,1,0,0,0,0,0,1,0
0,0,0,0,0,0,0,0,0,0,0,0,0
0,0,0,1,1,0,0,1,1,0,1,0,0
1,1,0,0,0,1,0,0,0,1,1,0,1
0,0,0,0,0,0,0,0,0,0,0,0,0
0,0,0,1,0,0,0,1,0,0,0,1,0
0,0,0,1,0,0,0,1,0,0,0,1,0
0,0,0,0,0,0,0,0,0,0,0,1,0
0,0,0,0,0,0,0,0,0,0,0,0,0
0,1,0,1,1,1,1,1,1,1,1,0,1
0,0,0,1,0,0,0,1,0,0,0,1,0
0,0,0,0,0,0,0,1,0,0,0,0,0
0,0,0,0,0,0,0,0,0,1,0,0,0
0,0,0,0,1,0,0,0,1,0,0,1,0
0,0,0,1,1,0,0,1,1,0,0,0,0
1,1,0,1,0,0,0,1,0,1,0,0,0
0,0,0,0,0,0,0,0,0,0,0,0,0
0,0,0,0,0,0,0,0,0,0,0,0,0
0,1,0,1,1,1,0,1,1,1,1,0,1
0,0,0,0,0,0,0,0,0,0,0,0,0
0,1,0,0,0,1,0,0,0,0,0,0,0
0,0,0,0,0,0,0,0,0,0,0,1,0
0,0,0,0,0,0,0,0,0,0,0,0,0
1,0,0,0,0,0,0,0,0,0,0,0,0
0,1,0,0,1,1,0,0,1,0,0,0,0
1,1,0,0,1,1,1,0,1,1,1,1,1
0,0,0,0,0,0,0,0,0,0,0,0,0
0,0,0,0,1,0,0,0,1,0,0,1,0
0,0,0,1,1,0,0,1,1,0,0,1,0
0,0,0,1,0,0,0,1,0,0,0,1,0
1,1,0,1,1,1,1,1,1,1,0,1,1
0,0,0,1,0,0,0,1,0,0,0,1,0
0,0,0,1,0,0,0,1,0,0,0,1,0
1,0,0,1,0,0,0,1,0,0,0,1,0
1,1,0,1,1,1,1,1,1,1,1,1,1
0,0,0,0,0,0,0,0,0,0,0,0,0
1,1,0,0,1,1,0,0,1,0,1,0,0
0,0,0,1,0,1,0,1,0,1,0,1,1
0,0,0,1,0,0,0,1,0,0,0,1,0
0,1,0,0,1,1,0,0,1,1,1,1,1
0,0,0,0,0,0,0,0,0,1,0,0,0
0,0,0,0,0,0,0,0,0,0,0,0,0
0,1,1,1,1,1,1,1,1,1,1,1,1
0,0,0,0,0,0,0,0,0,0,0,0,0
1,0,0,1,1,0,0,1,1,0,0,1,0
1,1,0,0,1,1,1,0,1,1,1,0,1
0,0,0,1,0,0,0,1,0,0,0,1,0
0,0,0,0,0,0,0,0,0,0,0,0,0
0,0,0,0,0,0,0,0,0,0,0,0,0
0,0,0,1,0,0,0,1,0,0,0,0,0
0,0,0,1,1,0,0,1,1,0,0,0,0
1,1,0,0,1,1,1,0,1,1,1,0,1
1,0,0,0,0,0,0,0,0,0,0,0,0
0,0,0,0,0,0,0,0,0,0,0,0,0
0,0,0,1,0,0,0,1,0,0,0,1,0
0,0,0,0,0,0,0,0,0,1,0,0,1
0,1,0,0,0,1,0,0,0,0,0,0,0
0,0,0,1,0,0,0,1,0,0,0,1,0
0,1,0,0,1,1,0,0,1,0,0,0,0
0,1,0,1,0,0,0,1,0,0,0,1,0
1,0,0,1,0,0,0,1,0,0,0,1,0
0,0,0,0,0,0,0,0,0,0,0,0,0
0,0,0,0,1,0,0,0,1,0,0,0,0
1,0,0,1,0,0,0,1,0,0,0,0,0
0,0,0,0,0,0,0,0,0,0,0,0,0
1,0,0,0,0,0,0,0,0,0,0,1,0
0,0,0,0,0,0,0,0,0,0,0,0,0
0,0,0,0,0,0,0,0,0,0,0,0,0
0,0,0,0,0,0,0,0,0,0,0,0,0
0,0,0,1,0,0,0,1,0,0,0,0,0
0,0,0,1,0,0,0,1,0,0,0,1,0
1,1,0,0,1,1,1,0,1,1,1,1,1
0,0,0,1,0,0,0,1,0,0,0,1,0
0,0,0,1,1,0,0,1,1,1,0,0,0
1,0,0,0,0,0,0,0,0,0,0,0,0
1,1,0,1,0,1,0,1,0,1,0,1,0
1,1,1,1,1,1,0,1,1,1,1,1,1
0,0,0,1,1,0,0,1,1,1,0,1,0
0,0,0,0,0,0,0,0,0,0,0,0,0
0,0,0,1,1,0,0,1,1,0,1,1,1
1,1,0,0,1,1,0,0,1,0,0,0,1
1,0,0,0,1,0,1,0,1,0,1,0,0
0,0,0,0,0,0,0,0,0,0,0,0,0
1,1,0,1,1,1,1,1,1,1,1,1,1
0,0,0,0,0,0,0,0,0,0,0,0,0
0,0,0,0,0,0,0,0,0,0,0,0,0
0,1,0,0,1,1,1,0,1,1,1,1,1
0,0,0,1,0,0,0,1,0,0,0,1,0
1,1,0,0,0,1,0,0,0,0,0,0,0
1,0,0,0,0,0,0,0,0,0,0,1,0
0,0,0,0,0,0,0,0,0,0,0,0,0
1,1,0,1,1,1,1,1,1,1,1,1,1
0,0,1,1,1,0,1,1,1,1,1,0,1
1,1,1,0,1,1,1,0,1,1,1,0,1
0,0,0,1,0,0,0,1,0,0,0,1,0
0,0,0,0,0,0,0,0,0,0,0,0,0
0,0,0,0,0,0,0,0,0,0,0,0,0
1,1,1,1,1,1,1,1,1,1,1,1,1
1,1,0,1,1,1,1,1,1,1,1,1,1
0,0,0,1,0,0,0,1,0,0,0,0,0
1,1,0,0,0,1,0,0,0,0,0,0,0
0,0,0,0,0,0,0,0,0,0,0,0,0
0,1,0,1,1,1,1,1,1,0,1,0,1
1,0,0,0,0,0,0,0,0,0,0,0,0
0,0,0,1,0,0,0,1,0,0,0,0,0
0,0,0,0,0,0,0,0,0,0,0,0,0
0,0,0,0,0,0,0,0,0,0,0,0,0
0,1,0,1,1,1,1,1,1,1,1,0,0
0,1,0,0,1,1,0,0,1,0,0,0,0
1,1,0,1,1,0,0,1,1,0,0,0,1
0,0,0,1,0,0,0,1,0,0,0,1,0
0,0,0,0,0,0,0,0,0,0,0,0,0
0,0,0,1,0,0,0,1,0,0,0,1,0
0,0,0,0,0,0,0,0,0,1,0,0,0
1,0,1,1,1,0,1,1,1,1,1,1,1
0,0,0,1,1,0,0,1,1,0,0,0,1
1,0,0,0,0,0,0,0,0,0,0,0,0
0,0,0,0,0,0,0,0,0,0,0,0,0
0,0,0,0,0,0,0,0,0,0,0,0,0
0,0,0,1,0,0,0,1,0,0,0,1,0
0,0,0,1,0,0,0,1,0,0,0,1,0
1,0,0,0,0,0,0,0,0,0,0,0,0
0,0,0,0,1,0,0,0,1,0,0,0,0
0,0,0,1,1,1,0,1,1,0,0,1,0
1,0,0,1,0,0,0,1,0,1,1,1,1
0,1,0,0,1,1,0,0,1,0,0,0,0
0,1,0,1,0,1,0,1,0,0,0,1,0
1,0,0,0,0,0,0,0,0,0,0,0,0
0,0,0,0,0,0,0,0,0,0,0,0,0
0,1,0,0,0,1,0,0,0,0,0,1,0
0,0,0,1,0,0,0,1,0,0,0,1,0
0,0,0,0,0,0,0,0,0,0,0,0,0
0,0,0,0,0,0,0,0,0,0,0,0,0
1,0,0,1,0,0,0,1,0,0,0,1,0
0,1,0,0,0,1,0,0,0,0,0,0,0
0,1,0,1,0,1,0,1,0,0,0,1,0
0,1,0,0,1,1,1,0,1,0,1,0,1
0,0,0,0,0,0,0,0,0,0,0,0,0
0,0,0,0,0,0,0,0,0,0,0,0,0
0,1,0,0,1,1,0,0,1,1,0,0,0
1,0,0,0,0,0,0,1,0,0,0,1,0
0,1,0,0,0,1,1,0,0,0,1,0,0
0,0,0,0,0,0,0,0,0,0,0,1,0
0,0,0,0,0,0,0,0,0,0,0,0,0
0,0,0,1,0,0,0,1,0,0,0,0,0
0,0,0,1,0,0,0,1,0,0,0,1,0
0,0,0,0,0,0,0,0,0,0,0,0,0
1,1,1,1,1,1,1,1,1,1,1,1,1
0,1,0,0,1,0,0,0,1,0,0,0,0
0,0,0,0,0,0,0,0,0,0,0,0,0
0,0,0,0,0,0,0,0,0,0,0,0,0
0,1,0,0,0,1,0,0,0,0,0,0,0
0,0,0,0,0,0,0,0,0,0,0,0,0
1,1,0,0,0,1,0,0,0,1,0,0,1
0,0,0,1,0,0,0,1,0,0,0,0,1
1,0,0,0,0,0,0,0,0,0,0,0,0
0,0,0,0,0,0,0,0,0,0,0,0,0
1,1,1,1,1,1,1,1,1,1,1,1,1
0,0,0,1,0,0,0,1,0,1,0,1,1
0,1,0,0,1,1,0,0,1,1,1,0,1
0,0,0,0,0,0,0,0,0,0,0,0,0
0,0,0,1,0,0,0,1,0,0,0,1,0
1,1,0,1,1,1,1,1,1,1,1,1,1
0,0,0,1,0,1,0,1,0,0,1,0,1
0,0,0,0,0,0,0,0,0,0,0,0,0
0,0,0,0,0,0,0,0,0,0,0,0,0
0,0,0,1,0,0,0,1,0,0,0,1,0
0,1,0,0,0,1,0,0,0,0,0,0,0
1,0,0,0,0,0,0,0,0,1,0,0,0
0,0,0,1,1,1,0,1,1,1,0,1,0
0,0,0,0,0,0,0,0,0,0,0,0,0
0,0,0,1,0,0,0,1,0,0,0,1,0
0,0,0,0,0,0,0,0,0,0,0,0,0
0,0,0,0,0,0,0,0,0,0,0,0,0
0,0,0,1,0,0,0,1,0,1,1,1,1
0,1,0,1,0,1,0,1,0,0,0,1,0
0,0,0,0,0,0,0,0,0,1,0,0,0
0,0,0,0,0,0,0,0,0,0,0,0,0
0,0,0,0,1,0,0,0,1,1,0,0,0
0,0,0,0,0,0,0,0,0,0,0,0,0
0,0,0,0,1,0,0,1,1,0,0,0,1
0,0,0,0,0,0,0,0,0,0,0,0,0
0,0,0,0,0,0,0,0,0,0,0,0,0
0,0,0,1,0,0,0,1,0,1,0,0,1
0,0,0,0,0,0,0,0,0,0,0,0,0
0,0,0,0,0,0,0,0,0,0,0,1,0
0,0,0,0,0,1,0,0,0,0,0,0,0
0,0,0,1,0,0,0,1,0,1,1,1,0
0,1,0,0,0,1,0,0,0,0,0,0,0
0,0,0,0,0,0,0,0,0,0,0,0,0
0,0,0,0,0,0,0,0,0,0,0,0,0
0,0,0,0,0,0,0,0,0,0,0,0,0
0,0,0,1,0,0,0,1,0,0,0,1,0
0,0,0,1,0,0,0,1,0,1,0,1,0
1,0,0,1,0,0,0,1,0,0,0,1,0
0,0,0,0,0,0,0,0,0,0,0,0,0
0,0,0,0,0,0,0,0,0,0,0,0,0
0,0,0,0,0,0,0,0,0,0,0,0,0
0,0,0,1,0,0,0,1,0,1,0,1,1
1,1,0,0,0,1,0,0,0,1,1,1,1
0,0,0,0,0,0,0,0,0,0,0,0,0
0,0,0,0,0,0,0,0,0,0,0,0,0
0,0,0,0,0,0,0,0,0,0,0,0,0
1,1,0,0,1,1,0,0,1,1,1,0,0
0,0,0,1,0,0,0,1,0,0,0,0,0
0,0,0,0,0,0,0,0,0,0,0,0,0
0,0,0,0,0,0,0,0,0,0,0,0,0
0,0,0,1,0,0,0,1,0,0,0,0,1
1,1,0,0,1,1,1,0,1,1,1,0,0
0,0,0,0,0,0,0,0,0,0,0,0,0
0,0,0,0,0,1,0,0,0,0,0,0,0
0,0,0,0,0,0,0,0,0,0,0,0,0
1,1,0,0,1,1,0,0,1,1,1,0,0
0,1,0,0,1,1,0,0,1,1,0,0,0
0,0,0,1,0,1,0,1,0,0,0,0,0
0,0,0,0,0,0,0,0,0,0,0,0,0
0,0,0,1,0,0,0,1,0,0,1,1,0
1,1,0,1,1,1,0,1,1,1,1,1,1
0,1,0,0,0,1,0,0,0,1,0,1,0
0,0,0,1,0,0,0,1,0,0,0,1,0
1,0,0,0,0,0,0,0,0,0,0,0,0
1,0,0,0,0,0,0,0,0,1,0,0,0
0,0,0,0,0,0,0,0,0,0,0,0,0
0,0,0,0,0,0,0,0,0,0,0,0,0
0,0,0,0,0,0,0,0,0,0,0,0,0
0,0,0,0,0,0,0,0,0,1,0,0,0
0,0,0,1,0,0,0,1,0,0,0,1,0
0,1,0,0,0,1,0,0,0,0,0,0,0
1,1,0,0,1,1,0,0,1,1,0,0,0
0,0,0,0,0,0,0,0,0,0,0,0,0
1,1,0,0,1,1,1,0,1,1,1,1,1
0,0,0,0,0,0,0,0,0,0,0,0,0
1,1,0,1,1,1,1,1,1,1,1,1,1
0,0,0,0,0,0,0,0,0,0,0,0,0
0,0,0,0,0,0,0,0,0,0,0,0,0
0,0,0,0,0,0,0,0,0,0,0,0,0
0,0,0,0,0,0,0,0,0,1,0,0,1
0,1,0,0,0,1,0,0,0,0,0,0,0
0,0,0,0,0,0,0,0,0,0,0,0,0
0,1,0,1,0,1,0,1,0,0,0,0,0
0,0,0,0,0,0,0,0,0,1,0,0,0
0,0,0,0,0,0,0,0,0,0,0,0,0
0,1,0,0,0,1,0,0,0,0,0,1,0
0,0,0,1,0,0,0,1,0,0,0,1,0
1,0,0,0,0,0,0,0,0,0,0,0,0
1,0,0,0,0,0,0,0,0,0,0,0,0
0,0,0,0,0,0,0,0,0,0,0,0,0
1,0,0,0,0,0,0,0,0,0,0,0,0
0,0,0,0,0,0,0,0,0,0,0,0,0
1,1,1,1,1,1,1,1,1,1,1,1,1
0,0,0,0,0,0,0,0,0,1,1,1,0
1,1,0,0,1,1,0,0,1,1,1,0,1
1,1,0,0,1,1,0,0,1,1,1,1,1
0,0,0,0,0,0,0,0,0,1,0,0,1
0,0,0,0,0,0,0,0,0,0,0,1,0
0,0,0,0,0,0,0,0,0,0,0,0,0
1,1,0,0,0,1,0,0,0,1,0,0,1
0,0,0,1,0,0,0,1,0,0,0,0,0
0,0,0,0,0,0,0,0,0,0,0,0,0
0,0,0,0,1,0,0,0,1,0,0,0,0
0,0,0,0,0,1,0,0,0,1,0,0,0
0,0,0,1,0,0,0,1,0,0,0,1,0
0,0,0,1,0,0,0,1,0,0,0,1,0
0,0,0,0,0,0,0,0,0,0,0,0,0
1,1,0,0,1,0,0,0,1,1,1,0,1
0,0,0,0,0,0,0,0,0,0,0,0,0
0,0,0,1,0,0,0,1,0,0,0,0,0
0,0,0,0,0,1,0,0,0,0,0,0,0
0,1,0,0,0,0,0,0,0,0,0,0,0
0,0,0,0,0,0,0,0,0,0,0,0,0
0,0,0,0,0,0,0,0,0,0,0,0,0
1,0,0,0,0,0,0,0,0,0,0,0,0
1,1,0,1,1,1,1,1,1,1,1,1,1
0,0,0,0,0,0,0,0,0,0,0,0,1
0,0,0,0,0,1,0,0,0,0,0,0,0
0,0,0,0,0,0,0,0,0,0,0,0,0
0,0,0,0,1,0,0,0,1,0,0,1,0
1,1,0,1,1,0,0,1,1,1,1,0,1
1,0,0,0,0,0,0,0,0,0,0,0,0
1,0,0,0,0,0,0,0,0,0,0,0,0
0,0,0,0,0,0,0,0,0,0,0,0,0
1,1,0,0,1,1,1,0,1,1,0,0,0
0,0,0,0,1,0,0,0,1,0,0,0,1
0,0,0,1,0,0,0,1,0,1,0,1,0
1,1,0,0,1,1,0,0,1,1,0,0,0
0,0,0,0,0,0,0,0,0,0,0,0,0
0,1,0,0,1,1,0,0,1,1,0,0,1
0,0,0,0,0,0,0,0,0,0,0,0,0
0,0,0,0,0,1,0,0,0,0,0,0,0
0,0,0,0,0,0,0,0,0,0,0,0,0
1,1,0,0,1,1,1,0,1,0,1,0,1
0,0,0,0,0,0,0,0,0,0,0,0,0
0,0,0,0,0,0,0,0,0,0,0,1,0
1,0,0,1,0,0,0,1,0,0,0,0,0
0,0,0,1,0,0,0,1,0,0,0,1,0
0,0,0,1,0,0,0,1,0,0,0,0,0
0,0,0,0,0,1,0,0,0,0,0,0,0
1,0,0,0,0,0,0,0,0,0,0,0,0
1,0,0,0,0,0,0,0,0,0,0,1,0
0,0,0,1,0,0,0,1,0,0,0,0,0
0,0,0,0,0,0,0,0,0,1,0,0,0
1,1,0,1,1,1,1,1,1,1,1,1,1
1,0,0,0,1,0,0,0,1,0,0,0,0
0,1,0,0,1,1,0,0,1,1,1,0,1
1,1,0,1,0,0,0,1,0,0,0,1,0
1,1,0,0,0,1,0,0,0,0,0,0,0
0,0,0,0,0,0,0,0,0,0,0,0,0
1,0,0,0,1,0,0,0,1,0,0,0,0
0,0,0,0,0,0,0,0,0,0,0,0,0
0,0,0,1,0,0,0,1,0,0,0,1,0
1,1,0,1,0,1,0,1,0,1,1,0,1
1,0,0,0,0,0,0,0,0,0,0,0,0
1,1,0,0,1,1,0,0,1,0,0,0,0
0,0,0,0,0,0,0,0,0,0,0,0,0
0,0,0,0,0,0,0,0,0,0,0,0,1
0,0,0,1,0,0,0,1,0,0,0,1,0
0,0,0,0,0,0,0,0,0,0,0,0,0
0,0,0,0,0,0,0,0,0,0,0,0,0
1,1,0,0,1,0,1,0,1,0,1,1,1
0,0,0,1,0,0,0,1,0,0,0,1,0
1,1,0,1,1,1,0,1,1,0,1,0,0
0,1,0,0,0,1,0,0,0,0,1,0,0
0,0,0,1,0,0,0,1,0,0,0,0,0
0,1,0,0,0,0,0,0,0,0,0,0,0
1,0,0,0,0,0,0,0,0,1,0,0,0
0,0,0,0,0,0,0,0,0,0,0,0,0
0,0,0,0,0,0,0,0,0,1,0,0,0
0,0,0,1,0,0,0,1,0,0,0,0,0
0,1,0,0,1,1,1,0,1,1,1,0,1
0,0,0,1,0,0,0,1,0,0,0,0,0
0,0,0,0,0,0,0,0,0,0,0,0,0
0,0,0,0,1,0,0,0,1,1,0,0,0
0,0,0,0,0,0,0,0,0,0,0,0,0
0,0,0,0,0,1,0,0,0,1,0,0,0
0,1,0,0,1,0,0,0,1,1,0,1,1
0,0,0,0,0,0,0,0,0,0,0,0,0
0,0,0,1,0,0,0,1,0,0,0,1,0
0,0,0,0,0,0,0,0,0,1,0,0,1
1,0,0,1,0,0,0,1,0,0,0,0,0
0,0,0,1,0,0,0,1,0,0,0,1,0
0,0,0,0,0,0,0,0,0,0,0,0,0
0,1,0,0,1,1,0,0,1,1,1,0,1
0,0,0,0,0,0,0,0,0,0,0,0,0
0,0,0,1,0,0,0,1,0,1,0,1,0
0,0,0,0,0,0,0,0,0,0,0,0,0
0,0,0,0,0,0,0,0,0,0,0,0,0
0,1,0,1,1,1,0,1,1,1,1,1,1
1,1,0,1,1,1,1,1,1,1,1,1,0
0,0,0,1,0,0,0,1,0,0,0,0,0
0,0,0,0,0,0,0,0,0,0,0,0,0
0,0,0,0,0,0,0,0,0,0,0,0,0
0,0,0,0,0,0,0,0,0,0,0,0,0
0,0,0,0,0,0,0,0,0,0,0,0,0
1,1,0,0,0,1,0,0,0,1,1,1,0
0,0,0,0,0,0,0,0,0,0,0,0,0
0,0,0,0,0,0,0,0,0,0,0,0,0
0,0,0,1,0,0,0,1,0,0,0,1,0
1,1,0,0,1,1,0,0,1,1,1,0,1
0,1,0,0,0,1,0,0,0,0,0,0,0
0,0,0,0,0,0,0,0,0,0,0,0,0
0,0,0,1,0,0,0,1,0,0,0,0,0
1,1,0,1,1,1,0,1,1,1,1,1,1
0,0,0,0,0,0,0,0,0,0,0,0,0
0,0,0,0,0,0,0,0,0,0,0,0,0
1,0,0,1,0,0,0,1,0,0,0,1,0
0,0,0,0,0,0,0,0,0,0,0,0,0
0,0,0,1,0,0,0,1,0,0,0,1,0
0,0,0,0,0,0,0,0,0,0,0,0,0
0,0,0,1,0,0,0,1,0,0,0,1,0
1,0,0,0,0,0,0,0,0,0,0,0,0
0,0,0,1,0,0,0,1,0,0,0,0,0
0,0,0,0,0,0,0,0,0,0,0,0,0
0,0,0,1,0,0,0,1,0,1,0,1,0
0,0,0,1,0,0,0,1,0,0,0,1,0
0,0,0,1,0,0,0,1,0,0,0,0,0
1,0,0,0,0,0,0,0,0,0,0,0,0
1,0,0,0,0,0,0,0,0,1,0,1,0
1,1,0,1,1,1,0,1,1,1,1,1,1
0,0,0,0,0,0,0,0,0,0,0,0,0
0,0,0,0,0,0,0,0,0,0,0,0,0
0,0,0,0,0,0,0,0,0,0,0,0,0
0,0,0,0,0,0,0,0,0,0,0,0,0
0,0,0,0,0,0,0,0,0,0,0,0,0
1,0,0,0,1,0,0,0,1,1,0,0,0
1,0,0,1,1,0,0,1,1,1,0,1,1
1,0,0,0,0,0,0,0,0,0,0,0,0
0,0,0,1,1,1,0,1,1,1,0,1,1
0,0,0,1,0,0,0,1,0,1,0,1,0
0,0,0,0,0,0,0,0,0,0,0,0,0
0,0,0,0,0,0,0,0,0,0,0,1,0
1,1,0,0,1,1,1,0,1,1,1,0,1
0,0,0,0,1,0,0,0,1,0,0,0,0
0,0,0,0,0,0,0,0,0,0,0,0,0
1,1,0,0,0,1,0,0,0,1,1,1,0
0,1,0,0,1,1,0,0,1,1,1,0,0
1,0,0,1,0,0,0,1,0,1,1,1,1
0,0,0,1,0,1,0,1,0,0,0,1,0
1,0,0,0,1,0,0,0,1,0,0,0,0
1,1,0,0,1,1,0,0,1,1,1,0,0
0,1,1,1,1,1,1,1,1,0,1,1,0
0,1,0,1,0,1,0,1,0,0,0,0,0
0,0,0,1,0,0,0,1,0,0,0,1,0
1,1,0,1,1,1,0,1,1,1,1,1,1
1,0,0,0,0,0,0,0,0,1,0,0,0
1,1,0,0,1,1,0,0,1,1,1,0,1
0,0,0,0,0,0,0,0,0,1,0,0,1
0,0,0,0,0,0,0,0,0,0,0,0,0
0,0,0,0,0,0,0,0,0,0,0,0,0
1,1,0,1,1,1,0,1,1,1,0,1,1
0,0,0,0,0,0,0,0,0,0,0,0,0
0,1,0,1,0,1,0,1,0,0,0,0,0
0,0,0,0,0,0,0,0,0,0,0,0,0
1,1,0,1,1,1,0,1,1,0,0,1,0
0,0,0,0,0,0,0,0,0,0,0,0,0
1,1,0,1,1,1,1,1,1,1,1,1,1
0,0,0,1,0,0,0,1,0,0,0,1,0
0,1,0,0,0,1,0,1,0,1,0,0,0
0,1,0,0,0,1,0,0,0,1,1,0,1
1,1,0,0,1,1,1,0,1,1,1,0,0
1,1,0,0,1,1,1,0,1,0,1,0,0
0,0,0,0,0,0,0,0,0,0,0,0,0
1,0,0,0,0,0,0,0,0,0,0,0,0
0,0,0,1,0,0,0,1,0,0,0,1,0
0,0,0,0,0,0,0,0,0,0,0,0,0
1,0,0,1,0,0,0,1,0,0,0,1,0
0,0,0,0,1,0,0,0,1,0,0,1,1
1,1,0,1,0,0,1,1,0,1,1,1,1
0,0,0,0,0,0,0,0,0,0,0,0,0
0,0,0,1,0,0,0,1,0,0,0,1,0
0,0,0,1,0,0,0,1,0,0,0,1,0
0,0,0,0,0,0,0,0,0,0,0,0,0
0,0,0,0,0,0,0,0,0,0,0,0,0
1,1,0,1,0,1,0,1,0,0,0,1,1
0,0,0,1,0,0,0,1,0,0,0,1,0
0,0,0,0,0,1,0,0,0,0,0,0,0
1,0,0,0,1,1,0,0,1,1,0,0,0
1,1,0,1,0,1,0,1,0,0,0,0,0
0,0,0,0,0,0,0,0,0,0,0,0,0
0,0,0,0,0,0,0,0,0,1,0,0,0
1,1,1,1,1,1,1,1,1,1,1,0,0
0,0,0,1,0,0,0,1,0,0,1,1,0
1,1,0,1,1,1,0,1,1,1,1,0,1
0,0,0,0,0,0,0,0,0,0,0,1,0
0,1,0,0,0,1,0,0,0,0,0,0,0
1,1,0,0,1,1,0,0,1,0,0,0,0
0,0,0,0,0,0,0,0,0,0,0,1,0
1,1,0,0,1,1,0,0,1,0,1,0,1
0,0,0,0,0,0,0,0,0,0,0,0,0
1,0,0,0,1,0,1,0,1,0,1,0,1
1,1,0,1,0,1,0,1,0,1,1,0,1
0,0,0,0,0,0,0,0,0,0,0,0,0
1,1,0,0,1,1,0,0,1,0,0,0,0
0,0,0,0,0,0,0,0,0,0,0,0,0
0,0,0,0,0,1,0,0,0,0,0,0,0
0,0,0,1,0,0,0,1,0,0,0,0,0
0,0,0,0,0,0,0,0,0,0,0,0,0
0,0,0,1,1,0,0,1,1,1,0,1,0
0,1,0,0,0,0,0,0,0,1,0,0,0
0,0,0,1,0,0,0,1,0,0,0,1,0
0,0,0,0,0,0,0,0,0,1,0,0,0
0,0,0,0,0,0,0,0,0,0,0,0,0
0,0,0,0,0,0,0,0,0,0,0,0,0
1,1,1,1,1,1,1,1,1,1,1,1,1
0,0,0,1,1,0,1,1,1,0,1,1,1
0,0,0,0,0,0,0,0,0,0,0,0,0
0,0,0,1,0,0,0,1,0,0,0,1,0
0,0,0,1,0,0,0,1,0,0,0,1,0
0,0,0,0,0,0,0,0,0,0,0,0,0
0,1,0,1,0,0,0,1,0,0,0,1,0
0,0,0,1,0,0,0,1,0,0,0,1,0
1,1,0,1,1,1,0,1,1,1,0,1,0
0,0,0,0,0,0,0,0,0,0,0,0,0
0,0,0,1,0,0,0,1,0,0,0,1,0
1,0,0,1,0,0,0,1,0,0,0,1,0
1,0,0,0,0,0,0,0,0,0,0,1,0
0,0,0,1,0,0,0,1,0,0,0,1,0
0,0,0,0,0,0,0,0,0,0,0,0,0
0,0,0,0,0,0,0,0,0,0,0,1,0
1,0,0,0,1,0,0,0,1,0,0,0,0
0,0,0,1,0,0,0,1,0,0,0,1,0
0,0,0,1,0,0,0,1,0,0,0,1,0
0,1,0,1,0,1,0,1,0,0,0,0,0
1,1,0,0,1,0,0,0,1,1,0,0,0
1,1,0,1,1,1,1,1,1,1,1,0,1
0,0,0,1,0,0,0,1,0,0,0,1,0
0,0,0,0,0,0,0,0,0,0,0,0,0
0,0,0,0,0,0,0,0,0,0,0,0,0
0,0,0,1,0,0,0,1,0,0,0,1,0
0,0,0,0,0,0,0,0,0,0,0,0,0
0,0,0,0,0,0,0,0,0,0,0,1,0
1,1,0,0,0,1,0,0,0,0,0,0,0
1,1,0,1,0,1,1,1,0,1,1,1,1
0,1,0,0,0,1,0,0,0,1,1,0,1
0,0,0,0,0,0,0,0,0,0,0,0,0
0,0,0,0,0,0,0,0,0,0,0,0,0
1,1,0,1,0,1,0,1,0,1,0,1,1
0,0,0,0,0,0,0,0,0,0,0,0,0
0,0,0,0,0,0,0,0,0,0,0,0,0
0,0,0,1,0,0,0,1,0,0,0,0,0
0,0,0,0,0,0,0,0,0,0,0,0,0
0,1,0,0,1,1,0,0,1,1,0,0,1
0,0,0,1,0,0,0,1,0,0,0,1,0
0,0,0,0,0,0,0,0,0,0,0,0,0
0,0,0,0,0,0,0,0,0,0,0,0,0
0,0,0,1,0,0,0,1,0,0,0,0,0
1,1,1,1,1,1,1,1,1,1,1,1,1
0,0,0,0,0,0,0,0,0,0,0,0,0
0,0,0,1,0,0,0,1,0,0,0,0,0
0,0,0,1,0,0,0,1,0,0,0,1,0
0,0,0,1,0,0,0,1,0,0,0,1,0
0,0,0,0,0,0,0,0,0,0,0,0,0
1,0,0,0,0,0,0,0,0,0,0,1,0
0,0,0,1,0,0,0,1,0,1,0,0,0
0,0,0,0,0,0,0,0,0,1,0,0,0
1,1,0,0,1,1,1,0,1,1,1,0,1
0,0,0,0,0,0,0,0,0,0,0,0,0
0,0,0,0,0,0,0,0,0,0,0,1,0
0,1,0,0,0,1,0,0,0,0,0,0,0
1,1,0,1,1,1,1,1,1,1,0,1,1
0,0,0,0,0,0,0,0,0,0,0,0,0
1,1,0,1,1,1,1,1,1,0,1,1,1
0,0,0,1,0,0,0,1,0,0,0,0,0
0,0,0,1,0,0,0,1,0,0,0,1,0
0,0,0,0,0,0,0,0,0,0,0,0,0
0,0,0,0,0,0,0,0,0,0,0,0,0
0,0,0,0,1,0,0,0,1,0,0,0,0
0,0,0,0,0,0,0,0,0,0,0,0,0
0,0,0,1,0,0,1,1,0,1,1,1,1
0,0,0,0,0,0,0,0,0,0,0,1,0
0,0,0,0,1,1,1,0,1,1,1,0,1
1,1,0,0,1,1,0,0,1,0,0,0,0
0,0,0,0,0,0,0,0,0,0,0,0,0
0,0,0,0,1,0,0,0,1,1,0,0,0
1,0,0,1,0,0,0,1,0,0,0,1,0
1,1,1,0,1,1,1,0,1,1,1,0,1
0,0,0,0,0,0,0,0,0,0,0,0,0
0,0,0,0,0,0,0,0,0,0,0,0,0
1,1,0,0,1,1,1,0,1,1,1,0,1
0,0,0,0,0,0,0,0,0,0,0,0,0
0,0,0,0,0,0,0,0,0,0,0,0,0
0,0,0,0,0,0,0,0,0,0,0,0,0
0,0,0,1,0,0,0,1,0,0,0,0,0
0,0,0,0,0,0,0,0,0,0,0,0,0
0,0,0,0,0,0,0,0,0,0,0,0,0
1,0,0,1,0,1,0,1,0,0,0,0,0
0,0,0,0,0,0,0,0,0,0,0,0,0
0,0,0,0,0,0,0,0,0,0,0,0,0
1,0,0,1,1,0,0,1,1,0,0,1,1
1,0,0,1,0,0,0,1,0,0,0,0,0
0,0,0,0,0,0,0,0,0,0,0,0,0
0,0,0,0,1,0,0,0,1,0,0,0,0
0,0,0,0,0,0,0,0,0,0,0,0,0
1,1,0,0,1,1,0,0,1,1,1,0,1
1,0,0,0,0,0,0,0,0,0,0,0,0
0,0,0,0,0,0,0,0,0,0,0,0,0
0,1,0,0,0,0,0,0,0,0,0,0,0
0,1,0,0,0,1,0,0,0,0,0,1,0
0,1,0,0,1,1,0,0,1,0,1,0,1
0,0,0,0,0,0,0,0,0,0,0,0,0
1,1,0,0,1,1,1,0,1,1,1,0,1
1,0,0,1,0,0,0,1,0,0,0,1,0
1,0,0,0,0,0,0,0,0,0,0,0,0
1,0,0,0,0,0,0,0,0,0,0,0,0
0,0,0,0,0,0,0,0,0,0,0,0,0
1,0,0,1,0,0,0,1,0,0,0,0,0
0,0,0,0,0,0,0,0,0,0,0,0,0
1,0,0,0,0,0,0,0,0,1,0,0,0
1,0,0,0,0,0,0,0,0,0,0,0,0
1,0,0,1,0,0,0,1,0,0,0,1,0
0,0,0,0,0,0,0,0,0,0,0,0,0
0,0,0,0,0,0,0,0,0,1,0,0,0
0,1,0,0,0,1,0,0,0,1,0,0,0
1,1,0,1,1,1,1,1,1,1,1,1,1
1,1,1,1,1,1,1,1,1,1,1,1,1
1,1,0,1,1,1,0,1,1,1,1,1,1
1,0,0,1,0,0,0,1,0,0,0,0,0
0,1,0,1,0,0,0,1,0,0,0,0,0
0,0,0,1,0,0,0,1,0,0,0,1,0
0,0,0,0,0,0,0,0,0,0,0,0,0
0,0,0,0,0,0,0,0,0,1,0,1,1
0,0,0,0,0,0,0,0,0,0,0,0,0
0,0,0,0,0,0,0,0,0,0,0,0,0
1,1,1,0,1,1,1,0,1,1,1,0,1
1,1,0,1,1,1,1,1,1,1,0,1,1
1,1,0,1,1,1,0,1,1,1,1,1,0
1,1,0,0,0,1,0,1,0,0,1,0,1
0,0,0,1,0,0,0,1,0,0,0,1,0
0,1,0,0,0,1,0,0,0,0,0,0,1
1,0,0,1,0,0,0,1,0,1,0,0,0
0,0,0,0,0,0,0,0,0,0,0,0,0
0,0,0,0,0,0,0,0,0,0,0,1,0
0,0,0,0,0,0,0,0,0,0,0,0,0
1,1,0,0,1,1,0,0,1,1,0,0,0
1,0,0,0,0,0,0,0,0,1,1,0,1
0,0,0,1,0,0,0,1,0,0,0,1,0
0,0,0,0,0,0,0,0,0,0,0,0,0
0,0,0,1,0,0,0,1,0,0,0,0,0
0,0,0,1,0,0,0,1,0,0,0,1,0
0,0,0,1,0,0,0,1,0,0,0,1,0
0,0,0,0,0,0,0,0,0,0,0,0,0
1,1,0,0,1,1,0,0,1,1,1,0,1
1,0,0,1,0,0,0,1,0,0,0,1,0
1,1,0,0,1,1,0,0,1,0,1,0,0
0,0,0,0,0,0,0,0,0,0,0,0,0
0,0,0,0,0,0,0,0,0,0,0,0,0
0,0,0,1,0,0,0,1,0,0,0,1,0
0,0,0,1,0,0,0,1,0,0,0,1,0
0,0,0,0,0,0,0,0,0,0,0,0,0
0,0,0,1,0,0,0,1,0,0,0,0,0
1,0,0,0,0,0,0,0,0,0,0,0,0
1,0,0,1,0,0,0,1,0,0,0,1,0
0,0,0,0,0,0,0,0,0,0,0,0,0
1,0,0,1,0,0,0,1,0,0,1,1,1
0,0,0,0,0,0,0,0,0,0,0,0,0
1,0,0,1,0,0,0,1,0,0,1,0,1
0,1,0,1,1,1,1,1,1,1,1,1,1
0,0,0,1,0,0,0,1,0,1,0,0,0
1,0,0,0,1,0,1,0,1,1,1,0,1
0,1,0,0,1,1,0,0,1,1,1,0,1
0,0,0,0,0,0,0,0,0,0,0,0,0
0,0,0,0,0,0,0,0,0,1,0,0,0
0,0,0,0,0,0,0,0,0,0,0,0,0
0,0,0,1,0,0,0,1,0,0,0,0,0
1,1,0,0,1,1,1,0,1,1,1,0,1
1,1,0,0,1,1,1,0,1,1,1,0,1
0,0,0,0,0,0,0,0,0,0,0,0,0
0,0,0,0,0,0,0,0,0,0,1,0,0
1,0,0,0,1,0,0,0,1,0,0,0,0
0,0,0,0,0,0,0,0,0,0,0,1,0
0,0,0,0,0,0,0,0,0,0,0,0,0
0,0,0,0,0,0,0,0,0,0,0,0,0
0,0,0,0,0,0,0,0,0,0,0,0,0
0,0,0,0,0,0,0,0,0,0,0,1,0
0,1,0,1,1,1,1,0,1,1,1,1,0
1,1,0,1,1,1,1,1,1,1,1,1,1
0,0,0,0,0,0,0,0,0,1,1,0,1
1,0,0,0,1,0,0,0,1,0,0,0,0
0,0,0,1,0,0,0,1,0,0,0,1,0
0,0,0,1,0,0,0,1,0,0,0,0,0
1,0,0,0,0,0,0,1,0,0,0,1,0
0,0,0,1,0,0,0,1,0,0,0,1,0
0,0,0,0,0,0,0,0,0,0,0,0,0
0,0,0,0,0,0,0,0,0,0,0,0,0
0,0,0,0,0,0,0,0,0,0,0,0,0
1,1,0,0,1,1,1,0,1,1,1,0,1
0,0,0,1,0,0,0,1,0,0,0,0,0
0,0,0,0,0,0,0,0,0,0,0,0,0
0,0,0,1,0,0,0,1,0,0,0,1,0
0,0,0,1,0,0,0,1,0,0,0,0,0
1,0,0,1,0,0,0,1,0,0,0,0,0
1,0,0,1,1,0,0,1,1,1,1,1,1
0,0,0,0,0,0,0,0,0,0,0,0,0
0,0,0,1,0,0,0,1,0,0,0,0,0
0,0,0,1,0,0,0,1,0,0,0,1,0
0,0,0,0,0,0,0,0,0,0,0,0,0
0,1,0,0,1,1,0,0,1,1,1,0,1
0,0,0,0,0,0,0,0,0,0,0,0,0
1,0,0,0,0,0,0,0,0,0,0,0,0
1,1,0,0,0,1,0,0,0,1,0,0,0
0,0,0,0,0,0,0,0,0,0,0,0,1
0,0,0,0,0,0,0,0,0,0,0,0,0
0,1,0,1,0,1,0,1,0,1,0,1,0
0,0,0,0,0,0,0,0,0,0,0,0,0
0,0,0,1,0,0,0,1,0,0,0,0,0
1,0,0,1,0,0,0,1,0,0,0,1,0
0,1,0,0,1,0,1,0,1,1,1,0,1
1,1,0,0,1,1,0,0,1,1,0,0,0
1,0,0,1,0,0,0,1,0,0,0,0,0
0,1,1,1,0,1,1,1,0,1,0,1,0
1,0,0,0,0,0,0,0,0,0,0,0,0
1,1,0,0,1,1,1,0,1,1,1,0,0
0,1,0,1,1,1,0,1,1,1,1,1,1
0,0,0,0,0,0,0,0,0,0,0,0,0
0,1,0,1,0,1,0,1,0,0,0,1,0
0,0,0,0,1,0,0,0,1,1,0,0,0
1,1,0,1,1,1,0,1,1,1,1,1,1
0,0,0,0,0,0,0,0,0,0,0,0,1
0,0,0,0,0,0,0,0,0,0,1,0,1
0,0,0,0,0,0,0,0,0,0,0,0,0
0,0,0,0,0,0,0,0,0,0,0,0,0
